N,chi_t,C,S_ent,sz_A,sz_B,F_pred,S_chsh
2,0.020000,0.00999983,-0.00000000,0.00000000,0.00000000,0.66999994,2.00009999
2,0.079522,0.03975072,-0.00000000,0.00000000,0.00000000,0.67991691,2.00157950
2,0.139045,0.06946640,0.00000000,0.00000000,0.00000000,0.68982213,2.00481977
2,0.198567,0.09912056,-0.00000000,0.00000000,0.00000000,0.69970685,2.00980087
2,0.258090,0.12868694,-0.00000000,0.00000000,0.00000000,0.70956231,2.01649233
2,0.317612,0.15813934,-0.00000000,0.00000000,0.00000000,0.71937978,2.02485362
2,0.377134,0.18745167,-0.00000000,0.00000000,0.00000000,0.72915056,2.03483476
2,0.436657,0.21659800,0.00000000,0.00000000,0.00000000,0.73886600,2.04637699
2,0.496179,0.24555249,0.00000000,0.00000000,0.00000000,0.74851750,2.05941353
2,0.555702,0.27428951,-0.00000000,0.00000000,0.00000000,0.75809650,2.07387052
2,0.615224,0.30278360,-0.00000000,0.00000000,0.00000000,0.76759453,2.08966783
2,0.674746,0.33100951,0.00000000,0.00000000,0.00000000,0.77700317,2.10672000
2,0.734269,0.35894227,0.00000000,0.00000000,0.00000000,0.78631409,2.12493722
2,0.793791,0.38655713,-0.00000000,0.00000000,0.00000000,0.79551904,2.14422612
2,0.853314,0.41382962,-0.00000000,0.00000000,0.00000000,0.80460987,2.16449066
2,0.912836,0.44073559,0.00000000,0.00000000,0.00000000,0.81357853,2.18563296
2,0.972358,0.46725123,-0.00000000,0.00000000,0.00000000,0.82241708,2.20755404
2,1.031881,0.49335304,0.00000000,0.00000000,0.00000000,0.83111768,2.23015446
2,1.091403,0.51901791,-0.00000000,0.00000000,0.00000000,0.83967264,2.25333494
2,1.150926,0.54422311,-0.00000000,0.00000000,0.00000000,0.84807437,2.27699696
2,1.210448,0.56894630,-0.00000000,0.00000000,0.00000000,0.85631543,2.30104315
2,1.269970,0.59316559,-0.00000000,0.00000000,0.00000000,0.86438853,2.32537775
2,1.329493,0.61685955,-0.00000000,0.00000000,0.00000000,0.87228652,2.34990698
2,1.389015,0.64000717,0.00000000,0.00000000,0.00000000,0.88000239,2.37453926
2,1.448538,0.66258795,-0.00000000,0.00000000,0.00000000,0.88752932,2.39918552
2,1.508060,0.68458191,0.00000000,0.00000000,0.00000000,0.89486064,2.42375939
2,1.567582,0.70596957,-0.00000000,0.00000000,0.00000000,0.90198986,2.44817731
2,1.627105,0.72673197,-0.00000000,0.00000000,0.00000000,0.90891066,2.47235867
2,1.686627,0.74685072,0.00000000,0.00000000,0.00000000,0.91561691,2.49622595
2,1.746150,0.76630803,0.00000000,0.00000000,0.00000000,0.92210268,2.51970474
2,1.805672,0.78508664,-0.00000000,0.00000000,0.00000000,0.92836221,2.54272376
2,1.865194,0.80316993,-0.00000000,0.00000000,0.00000000,0.93438998,2.56521495
2,1.924717,0.82054187,-0.00000000,0.00000000,0.00000000,0.94018062,2.58711342
2,1.984239,0.83718710,0.00000000,0.00000000,0.00000000,0.94572903,2.60835752
2,2.043762,0.85309085,0.00000000,0.00000000,0.00000000,0.95103028,2.62888873
2,2.103284,0.86823906,-0.00000000,0.00000000,0.00000000,0.95607969,2.64865178
2,2.162806,0.88261828,-0.00000000,0.00000000,0.00000000,0.96087276,2.66759444
2,2.222329,0.89621584,-0.00000000,0.00000000,0.00000000,0.96540528,2.68566776
2,2.281851,0.90901963,0.00000000,0.00000000,0.00000000,0.96967321,2.70282570
2,2.341374,0.92101833,0.00000000,0.00000000,0.00000000,0.97367278,2.71902539
2,2.400896,0.93220132,-0.00000000,0.00000000,0.00000000,0.97740044,2.73422699
2,2.460418,0.94255869,0.00000000,0.00000000,0.00000000,0.98085290,2.74839363
2,2.519941,0.95208128,0.00000000,0.00000000,0.00000000,0.98402709,2.76149145
2,2.579463,0.96076064,-0.00000000,0.00000000,0.00000000,0.98692021,2.77348951
2,2.638986,0.96858910,0.00000000,0.00000000,0.00000000,0.98952970,2.78435978
2,2.698508,0.97555969,0.00000000,0.00000000,0.00000000,0.99185323,2.79407710
2,2.758030,0.98166629,-0.00000000,0.00000000,0.00000000,0.99388876,2.80261928
2,2.817553,0.98690344,0.00000000,0.00000000,0.00000000,0.99563448,2.80996684
2,2.877075,0.99126655,-0.00000000,0.00000000,0.00000000,0.99708885,2.81610324
2,2.936598,0.99475172,-0.00000000,0.00000000,0.00000000,0.99825057,2.82101470
2,2.996120,0.99735587,0.00000000,0.00000000,0.00000000,0.99911862,2.82469023
2,3.055642,0.99907670,-0.00000000,0.00000000,0.00000000,0.99969223,2.82712168
2,3.115165,0.99991269,-0.00000000,0.00000000,0.00000000,0.99997090,2.82830365
2,3.174687,0.99986309,0.00000000,0.00000000,0.00000000,0.99995436,2.82823351
2,3.234210,0.99892794,0.00000000,0.00000000,0.00000000,0.99964265,2.82691141
2,3.293732,0.99710809,0.00000000,0.00000000,0.00000000,0.99903603,2.82434030
2,3.353254,0.99440512,0.00000000,0.00000000,0.00000000,0.99813504,2.82052587
2,3.412777,0.99082145,-0.00000000,0.00000000,0.00000000,0.99694048,2.81547662
2,3.472299,0.98636026,-0.00000000,0.00000000,0.00000000,0.99545342,2.80920385
2,3.531822,0.98102547,-0.00000000,0.00000000,0.00000000,0.99367516,2.80172159
2,3.591344,0.97482183,0.00000000,0.00000000,0.00000000,0.99160728,2.79304679
2,3.650866,0.96775483,-0.00000000,0.00000000,0.00000000,0.98925161,2.78319917
2,3.710389,0.95983070,-0.00000000,0.00000000,0.00000000,0.98661023,2.77220127
2,3.769911,0.95105650,0.00000000,0.00000000,0.00000000,0.98368550,2.76007860
4,0.020000,0.00994934,0.00083651,0.00000000,0.00000000,0.66998311,2.00009899
4,0.079522,0.03892925,0.01007534,0.00000000,0.00000000,0.67964308,2.00151491
4,0.139045,0.06688581,0.02689931,0.00000000,0.00000000,0.68896194,2.00446872
4,0.198567,0.09372000,0.04977117,0.00000000,0.00000000,0.69790667,2.00876424
4,0.258090,0.11933678,0.07774114,0.00000000,0.00000000,0.70644559,2.01419092
4,0.317612,0.14364542,0.11010931,0.00000000,0.00000000,0.71454847,2.02052865
4,0.377134,0.16655982,0.14631642,0.00000000,0.00000000,0.72218661,2.02755239
4,0.436657,0.18799881,0.18589367,0.00000000,0.00000000,0.72933294,2.03503666
4,0.496179,0.20788647,0.22843531,0.00000000,0.00000000,0.73596216,2.04275969
4,0.555702,0.22615236,0.27358214,0.00000000,0.00000000,0.74205079,2.05050715
4,0.615224,0.24273178,0.32101072,0.00000000,0.00000000,0.74757726,2.05807552
4,0.674746,0.25756600,0.37042603,0.00000000,0.00000000,0.75252200,2.06527504
4,0.734269,0.27060250,0.42155620,0.00000000,0.00000000,0.75686750,2.07193215
4,0.793791,0.28179508,0.47414866,0.00000000,0.00000000,0.76059836,2.07789169
4,0.853314,0.29110412,0.52796721,0.00000000,0.00000000,0.76370137,2.08301859
4,0.912836,0.29849664,0.58278981,0.00000000,0.00000000,0.76616555,2.08719931
4,0.972358,0.30394645,0.63840681,0.00000000,0.00000000,0.76798215,2.09034298
4,1.031881,0.30743425,0.69461954,0.00000000,0.00000000,0.76914475,2.09238220
4,1.091403,0.30894770,0.75123921,0.00000000,0.00000000,0.76964923,2.09327369
4,1.150926,0.30848143,0.80808601,0.00000000,0.00000000,0.76949381,2.09299860
4,1.210448,0.30603708,0.86498834,0.00000000,0.00000000,0.76867903,2.09156276
4,1.269970,0.30162333,0.92178223,0.00000000,0.00000000,0.76720778,2.08899654
4,1.329493,0.29525580,0.97831079,0.00000000,0.00000000,0.76508527,2.08535463
4,1.389015,0.28695704,1.03442382,0.00000000,0.00000000,0.76231901,2.08071559
4,1.448538,0.27675645,1.08997746,0.00000000,0.00000000,0.75891882,2.07518108
4,1.508060,0.26469016,1.14483385,0.00000000,0.00000000,0.75489672,2.06887494
4,1.567582,0.25080090,1.19886095,0.00000000,0.00000000,0.75026697,2.06194189
4,1.627105,0.23513787,1.25193226,0.00000000,0.00000000,0.74504596,2.05454600
4,1.686627,0.21775654,1.30392668,0.00000000,0.00000000,0.73925218,2.04686874
4,1.746150,0.19871849,1.35472836,0.00000000,0.00000000,0.73290616,2.03910670
4,1.805672,0.17809113,1.40422656,0.00000000,0.00000000,0.72603038,2.03146888
4,1.865194,0.15594752,1.45231557,0.00000000,0.00000000,0.71864917,2.02417354
4,1.924717,0.13236610,1.49889459,0.00000000,0.00000000,0.71078870,2.01744471
4,1.984239,0.10743040,1.54386766,0.00000000,0.00000000,0.70247680,2.01150818
4,2.043762,0.08122871,1.58714363,0.00000000,0.00000000,0.69374290,2.00658726
4,2.103284,0.05385387,1.62863606,0.00000000,0.00000000,0.68461796,2.00289814
4,2.162806,0.02540280,1.66826322,0.00000000,0.00000000,0.67513427,2.00064520
4,2.222329,0.00000000,1.70594802,0.00000000,0.00000000,0.66666667,2.00000000
4,2.281851,0.00000000,1.74161803,0.00000000,0.00000000,0.66666667,2.00000000
4,2.341374,0.00000000,1.77520538,0.00000000,0.00000000,0.66666667,2.00000000
4,2.400896,0.00000000,1.80664681,0.00000000,0.00000000,0.66666667,2.00000000
4,2.460418,0.00000000,1.83588363,0.00000000,0.00000000,0.66666667,2.00000000
4,2.519941,0.00000000,1.86286171,0.00000000,0.00000000,0.66666667,2.00000000
4,2.579463,0.00000000,1.88753146,0.00000000,0.00000000,0.66666667,2.00000000
4,2.638986,0.00000000,1.90984783,0.00000000,0.00000000,0.66666667,2.00000000
4,2.698508,0.00000000,1.92977031,0.00000000,0.00000000,0.66666667,2.00000000
4,2.758030,0.00000000,1.94726295,0.00000000,0.00000000,0.66666667,2.00000000
4,2.817553,0.00000000,1.96229428,0.00000000,0.00000000,0.66666667,2.00000000
4,2.877075,0.00000000,1.97483741,0.00000000,0.00000000,0.66666667,2.00000000
4,2.936598,0.00000000,1.98486995,0.00000000,0.00000000,0.66666667,2.00000000
4,2.996120,0.00000000,1.99237405,0.00000000,0.00000000,0.66666667,2.00000000
4,3.055642,0.00000000,1.99733636,0.00000000,0.00000000,0.66666667,2.00000000
4,3.115165,0.00000000,1.99974810,0.00000000,0.00000000,0.66666667,2.00000000
4,3.174687,0.00000000,1.99960499,0.00000000,0.00000000,0.66666667,2.00000000
4,3.234210,0.00000000,1.99690728,0.00000000,0.00000000,0.66666667,2.00000000
4,3.293732,0.00000000,1.99165976,0.00000000,0.00000000,0.66666667,2.00000000
4,3.353254,0.00000000,1.98387173,0.00000000,0.00000000,0.66666667,2.00000000
4,3.412777,0.00000000,1.97355703,0.00000000,0.00000000,0.66666667,2.00000000
4,3.472299,0.00000000,1.96073401,0.00000000,0.00000000,0.66666667,2.00000000
4,3.531822,0.00000000,1.94542558,0.00000000,0.00000000,0.66666667,2.00000000
4,3.591344,0.00000000,1.92765915,0.00000000,0.00000000,0.66666667,2.00000000
4,3.650866,0.00000000,1.90746667,0.00000000,0.00000000,0.66666667,2.00000000
4,3.710389,0.00000000,1.88488462,0.00000000,0.00000000,0.66666667,2.00000000
4,3.769911,0.00000000,1.85995401,0.00000000,0.00000000,0.66666667,2.00000000
6,0.020000,0.00989884,0.00157299,-0.00000000,0.00000000,0.66996628,2.00009798
6,0.079522,0.03810904,0.01856305,0.00000000,0.00000000,0.67936968,2.00145177
6,0.139045,0.06431725,0.04891227,0.00000000,0.00000000,0.68810575,2.00413244
6,0.198567,0.08837010,0.08948988,0.00000000,0.00000000,0.69612337,2.00779409
6,0.258090,0.11013264,0.13832562,0.00000000,0.00000000,0.70337755,2.01209264
6,0.317612,0.12948924,0.19393997,0.00000000,0.00000000,0.70982975,2.01669776
6,0.377134,0.14634419,0.25512975,0.00000000,0.00000000,0.71544806,2.02130317
6,0.436657,0.16062218,0.32087103,-0.00000000,0.00000000,0.72020739,2.02563519
6,0.496179,0.17226843,0.39026720,0.00000000,0.00000000,0.72408948,2.02945945
6,0.555702,0.18124881,0.46251835,0.00000000,0.00000000,0.72708294,2.03258567
6,0.615224,0.18754954,0.53690195,-0.00000000,0.00000000,0.72918318,2.03487084
6,0.674746,0.19117689,0.61276013,0.00000000,0.00000000,0.73039230,2.03622062
6,0.734269,0.19215657,0.68949096,0.00000000,0.00000000,0.73071886,2.03658945
6,0.793791,0.19053300,0.76654241,0.00000000,0.00000000,0.73017767,2.03597920
6,0.853314,0.18636842,0.84340799,0.00000000,0.00000000,0.72878947,2.03443672
6,0.912836,0.17974190,0.91962363,0.00000000,0.00000000,0.72658063,2.03205034
6,0.972358,0.17074811,0.99476538,0.00000000,0.00000000,0.72358270,2.02894546
6,1.031881,0.15949616,1.06844772,0.00000000,0.00000000,0.71983205,2.02527926
6,1.091403,0.14610816,1.14032222,0.00000000,0.00000000,0.71536939,2.02123487
6,1.150926,0.13071791,1.21007658,0.00000000,0.00000000,0.71023930,2.01701480
6,1.210448,0.11346936,1.27743380,0.00000000,0.00000000,0.70448979,2.01283412
6,1.269970,0.09451517,1.34215146,0.00000000,0.00000000,0.69817172,2.00891326
6,1.329493,0.07401520,1.40402111,0.00000000,0.00000000,0.69133840,2.00547077
6,1.389015,0.05213502,1.46286763,0.00000000,0.00000000,0.68404501,2.00271622
6,1.448538,0.02904444,1.51854867,0.00000000,0.00000000,0.67634815,2.00084340
6,1.508060,0.00491609,1.57095389,0.00000000,0.00000000,0.66830536,2.00002417
6,1.567582,0.00000000,1.62000430,0.00000000,0.00000000,0.66666667,2.00000000
6,1.627105,0.00000000,1.66565137,0.00000000,0.00000000,0.66666667,2.00000000
6,1.686627,0.00000000,1.70787613,0.00000000,0.00000000,0.66666667,2.00000000
6,1.746150,0.00000000,1.74668808,0.00000000,0.00000000,0.66666667,2.00000000
6,1.805672,0.00000000,1.78212400,0.00000000,0.00000000,0.66666667,2.00000000
6,1.865194,0.00000000,1.81424658,-0.00000000,0.00000000,0.66666667,2.00000000
6,1.924717,0.00000000,1.84314291,0.00000000,0.00000000,0.66666667,2.00000000
6,1.984239,0.00000000,1.86892279,0.00000000,0.00000000,0.66666667,2.00000000
6,2.043762,0.00000000,1.89171688,0.00000000,0.00000000,0.66666667,2.00000000
6,2.103284,0.00000000,1.91167461,0.00000000,0.00000000,0.66666667,2.00000000
6,2.162806,0.00000000,1.92896202,0.00000000,0.00000000,0.66666667,2.00000000
6,2.222329,0.00000000,1.94375932,0.00000000,0.00000000,0.66666667,2.00000000
6,2.281851,0.00000000,1.95625833,0.00000000,0.00000000,0.66666667,2.00000000
6,2.341374,0.00000000,1.96665976,0.00000000,0.00000000,0.66666667,2.00000000
6,2.400896,0.00000000,1.97517035,-0.00000000,0.00000000,0.66666667,2.00000000
6,2.460418,0.00000000,1.98199985,0.00000000,0.00000000,0.66666667,2.00000000
6,2.519941,0.00000000,1.98735800,0.00000000,0.00000000,0.66666667,2.00000000
6,2.579463,0.00000000,1.99145137,0.00000000,0.00000000,0.66666667,2.00000000
6,2.638986,0.00000000,1.99448021,-0.00000000,0.00000000,0.66666667,2.00000000
6,2.698508,0.00000000,1.99663538,0.00000000,0.00000000,0.66666667,2.00000000
6,2.758030,0.00000000,1.99809528,0.00000000,0.00000000,0.66666667,2.00000000
6,2.817553,0.00000000,1.99902301,0.00000000,0.00000000,0.66666667,2.00000000
6,2.877075,0.00000000,1.99956366,0.00000000,0.00000000,0.66666667,2.00000000
6,2.936598,0.00000000,1.99984188,0.00000000,0.00000000,0.66666667,2.00000000
6,2.996120,0.00000000,1.99995976,0.00000000,0.00000000,0.66666667,2.00000000
6,3.055642,0.00000000,1.99999509,0.00000000,0.00000000,0.66666667,2.00000000
6,3.115165,0.00000000,1.99999996,0.00000000,0.00000000,0.66666667,2.00000000
6,3.174687,0.00000000,1.99999989,0.00000000,0.00000000,0.66666667,2.00000000
6,3.234210,0.00000000,1.99999337,0.00000000,0.00000000,0.66666667,2.00000000
6,3.293732,0.00000000,1.99995188,0.00000000,0.00000000,0.66666667,2.00000000
6,3.353254,0.00000000,1.99982037,0.00000000,0.00000000,0.66666667,2.00000000
6,3.412777,0.00000000,1.99951826,-0.00000000,0.00000000,0.66666667,2.00000000
6,3.472299,0.00000000,1.99894086,0.00000000,0.00000000,0.66666667,2.00000000
6,3.531822,0.00000000,1.99796109,0.00000000,0.00000000,0.66666667,2.00000000
6,3.591344,0.00000000,1.99643173,-0.00000000,0.00000000,0.66666667,2.00000000
6,3.650866,0.00000000,1.99418784,0.00000000,0.00000000,0.66666667,2.00000000
6,3.710389,0.00000000,1.99104946,0.00000000,0.00000000,0.66666667,2.00000000
6,3.769911,0.00000000,1.98682454,0.00000000,0.00000000,0.66666667,2.00000000
8,0.020000,0.00984835,0.00227169,0.00000000,0.00000000,0.66994945,2.00009699
8,0.079522,0.03729011,0.02644833,0.00000000,0.00000000,0.67909670,2.00139007
8,0.139045,0.06176069,0.06905707,0.00000000,0.00000000,0.68725356,2.00381075
8,0.198567,0.08307038,0.12533127,0.00000000,0.00000000,0.69435679,2.00688882
8,0.258090,0.10107217,0.19223161,0.00000000,0.00000000,0.70035739,2.01018963
8,0.317612,0.11566266,0.26745016,0.00000000,0.00000000,0.70522089,2.01333341
8,0.377134,0.12678208,0.34909552,0.00000000,0.00000000,0.70892736,2.01600962
8,0.436657,0.13441357,0.43555254,0.00000000,0.00000000,0.71147119,2.01798613
8,0.496179,0.13858172,0.52540907,0.00000000,0.00000000,0.71286057,2.01911356
8,0.555702,0.13935045,0.61741392,0.00000000,0.00000000,0.71311682,2.01932518
8,0.615224,0.13682030,0.71045122,0.00000000,0.00000000,0.71227343,2.01863300
8,0.674746,0.13112521,0.80352405,0.00000000,0.00000000,0.71037507,2.01712054
8,0.734269,0.12242892,0.89574362,0.00000000,0.00000000,0.70747631,2.01493309
8,0.793791,0.11092108,0.98632182,0.00000000,0.00000000,0.70364036,2.01226587
8,0.853314,0.09681309,1.07456582,0.00000000,0.00000000,0.69893770,2.00935092
8,0.912836,0.08033396,1.15987401,0.00000000,0.00000000,0.69344465,2.00644317
8,0.972358,0.06172603,1.24173252,-0.00000000,0.00000000,0.68724201,2.00380648
8,1.031881,0.04124089,1.31971223,0.00000000,0.00000000,0.68041363,2.00170009
8,1.091403,0.01913545,1.39346572,0.00000000,0.00000000,0.67304515,2.00036613
8,1.150926,0.00000000,1.46272414,0.00000000,0.00000000,0.66666667,2.00000000
8,1.210448,0.00000000,1.52729394,0.00000000,0.00000000,0.66666667,2.00000000
8,1.269970,0.00000000,1.58705310,-0.00000000,0.00000000,0.66666667,2.00000000
8,1.329493,0.00000000,1.64194711,0.00000000,0.00000000,0.66666667,2.00000000
8,1.389015,0.00000000,1.69198450,0.00000000,0.00000000,0.66666667,2.00000000
8,1.448538,0.00000000,1.73723188,0.00000000,0.00000000,0.66666667,2.00000000
8,1.508060,0.00000000,1.77780863,-0.00000000,0.00000000,0.66666667,2.00000000
8,1.567582,0.00000000,1.81388115,0.00000000,0.00000000,0.66666667,2.00000000
8,1.627105,0.00000000,1.84565683,0.00000000,0.00000000,0.66666667,2.00000000
8,1.686627,0.00000000,1.87337762,0.00000000,0.00000000,0.66666667,2.00000000
8,1.746150,0.00000000,1.89731352,0.00000000,0.00000000,0.66666667,2.00000000
8,1.805672,0.00000000,1.91775588,0.00000000,0.00000000,0.66666667,2.00000000
8,1.865194,0.00000000,1.93501071,0.00000000,0.00000000,0.66666667,2.00000000
8,1.924717,0.00000000,1.94939208,-0.00000000,0.00000000,0.66666667,2.00000000
8,1.984239,0.00000000,1.96121579,0.00000000,0.00000000,0.66666667,2.00000000
8,2.043762,0.00000000,1.97079340,0.00000000,0.00000000,0.66666667,2.00000000
8,2.103284,0.00000000,1.97842669,0.00000000,0.00000000,0.66666667,2.00000000
8,2.162806,0.00000000,1.98440281,0.00000000,0.00000000,0.66666667,2.00000000
8,2.222329,0.00000000,1.98899008,-0.00000000,0.00000000,0.66666667,2.00000000
8,2.281851,0.00000000,1.99243466,-0.00000000,0.00000000,0.66666667,2.00000000
8,2.341374,0.00000000,1.99495802,0.00000000,0.00000000,0.66666667,2.00000000
8,2.400896,0.00000000,1.99675542,0.00000000,0.00000000,0.66666667,2.00000000
8,2.460418,0.00000000,1.99799520,0.00000000,0.00000000,0.66666667,2.00000000
8,2.519941,0.00000000,1.99881902,0.00000000,0.00000000,0.66666667,2.00000000
8,2.579463,0.00000000,1.99934288,0.00000000,0.00000000,0.66666667,2.00000000
8,2.638986,0.00000000,1.99965889,0.00000000,0.00000000,0.66666667,2.00000000
8,2.698508,0.00000000,1.99983761,0.00000000,0.00000000,0.66666667,2.00000000
8,2.758030,0.00000000,1.99993081,0.00000000,0.00000000,0.66666667,2.00000000
8,2.817553,0.00000000,1.99997458,0.00000000,0.00000000,0.66666667,2.00000000
8,2.877075,0.00000000,1.99999241,-0.00000000,0.00000000,0.66666667,2.00000000
8,2.936598,0.00000000,1.99999834,0.00000000,0.00000000,0.66666667,2.00000000
8,2.996120,0.00000000,1.99999979,0.00000000,0.00000000,0.66666667,2.00000000
8,3.055642,0.00000000,1.99999999,0.00000000,0.00000000,0.66666667,2.00000000
8,3.115165,0.00000000,2.00000000,0.00000000,0.00000000,0.66666667,2.00000000
8,3.174687,0.00000000,2.00000000,0.00000000,0.00000000,0.66666667,2.00000000
8,3.234210,0.00000000,1.99999999,0.00000000,0.00000000,0.66666667,2.00000000
8,3.293732,0.00000000,1.99999972,0.00000000,0.00000000,0.66666667,2.00000000
8,3.353254,0.00000000,1.99999800,0.00000000,0.00000000,0.66666667,2.00000000
8,3.412777,0.00000000,1.99999120,-0.00000000,0.00000000,0.66666667,2.00000000
8,3.472299,0.00000000,1.99997131,0.00000000,0.00000000,0.66666667,2.00000000
8,3.531822,0.00000000,1.99992338,0.00000000,0.00000000,0.66666667,2.00000000
8,3.591344,0.00000000,1.99982265,0.00000000,0.00000000,0.66666667,2.00000000
8,3.650866,0.00000000,1.99963145,0.00000000,0.00000000,0.66666667,2.00000000
8,3.710389,0.00000000,1.99929604,0.00000000,0.00000000,0.66666667,2.00000000
8,3.769911,0.00000000,1.99874359,0.00000000,0.00000000,0.66666667,2.00000000
10,0.020000,0.00979787,0.00294585,0.00000000,0.00000000,0.66993262,2.00009600
10,0.079522,0.03647244,0.03394083,0.00000000,0.00000000,0.67882415,2.00132980
10,0.139045,0.05921607,0.08797746,0.00000000,0.00000000,0.68640536,2.00350347
10,0.198567,0.07782036,0.15861726,0.00000000,0.00000000,0.69260679,2.00604687
10,0.258090,0.09215307,0.24171358,0.00000000,0.00000000,0.69738436,2.00847423
10,0.317612,0.10215775,0.33409596,0.00000000,0.00000000,0.70071925,2.01040912
10,0.377134,0.10785151,0.43315946,0.00000000,0.00000000,0.70261717,2.01159832
10,0.436657,0.10932095,0.53668514,0.00000000,0.00000000,0.70310698,2.01191558
10,0.496179,0.10671651,0.64274836,0.00000000,0.00000000,0.70223884,2.01135617
10,0.555702,0.10024551,0.74966751,0.00000000,0.00000000,0.70008184,2.01002404
10,0.615224,0.09016426,0.85597341,-0.00000000,0.00000000,0.69672142,2.00811314
10,0.674746,0.07676938,0.96038991,0.00000000,0.00000000,0.69225646,2.00588488
10,0.734269,0.06038884,1.06182068,0.00000000,0.00000000,0.68679628,2.00364349
10,0.793791,0.04137293,1.15933948,0.00000000,0.00000000,0.68045764,2.00171099
10,0.853314,0.02008550,1.25218197,-0.00000000,0.00000000,0.67336183,2.00040339
10,0.912836,0.00000000,1.33973821,0.00000000,0.00000000,0.66666667,2.00000000
10,0.972358,0.00000000,1.42154503,0.00000000,0.00000000,0.66666667,2.00000000
10,1.031881,0.00000000,1.49727788,0.00000000,0.00000000,0.66666667,2.00000000
10,1.091403,0.00000000,1.56674196,-0.00000000,0.00000000,0.66666667,2.00000000
10,1.150926,0.00000000,1.62986242,0.00000000,0.00000000,0.66666667,2.00000000
10,1.210448,0.00000000,1.68667364,0.00000000,0.00000000,0.66666667,2.00000000
10,1.269970,0.00000000,1.73730767,-0.00000000,0.00000000,0.66666667,2.00000000
10,1.329493,0.00000000,1.78198185,0.00000000,0.00000000,0.66666667,2.00000000
10,1.389015,0.00000000,1.82098585,0.00000000,0.00000000,0.66666667,2.00000000
10,1.448538,0.00000000,1.85466837,0.00000000,0.00000000,0.66666667,2.00000000
10,1.508060,0.00000000,1.88342358,0.00000000,0.00000000,0.66666667,2.00000000
10,1.567582,0.00000000,1.90767784,0.00000000,0.00000000,0.66666667,2.00000000
10,1.627105,0.00000000,1.92787670,-0.00000000,0.00000000,0.66666667,2.00000000
10,1.686627,0.00000000,1.94447270,0.00000000,0.00000000,0.66666667,2.00000000
10,1.746150,0.00000000,1.95791413,0.00000000,0.00000000,0.66666667,2.00000000
10,1.805672,0.00000000,1.96863508,0.00000000,0.00000000,0.66666667,2.00000000
10,1.865194,0.00000000,1.97704690,0.00000000,0.00000000,0.66666667,2.00000000
10,1.924717,0.00000000,1.98353137,0.00000000,0.00000000,0.66666667,2.00000000
10,1.984239,0.00000000,1.98843557,0.00000000,0.00000000,0.66666667,2.00000000
10,2.043762,0.00000000,1.99206851,-0.00000000,0.00000000,0.66666667,2.00000000
10,2.103284,0.00000000,1.99469950,0.00000000,0.00000000,0.66666667,2.00000000
10,2.162806,0.00000000,1.99655810,0.00000000,0.00000000,0.66666667,2.00000000
10,2.222329,0.00000000,1.99783550,0.00000000,0.00000000,0.66666667,2.00000000
10,2.281851,0.00000000,1.99868698,0.00000000,0.00000000,0.66666667,2.00000000
10,2.341374,0.00000000,1.99923538,0.00000000,0.00000000,0.66666667,2.00000000
10,2.400896,0.00000000,1.99957510,-0.00000000,0.00000000,0.66666667,2.00000000
10,2.460418,0.00000000,1.99977634,0.00000000,0.00000000,0.66666667,2.00000000
10,2.519941,0.00000000,1.99988954,0.00000000,0.00000000,0.66666667,2.00000000
10,2.579463,0.00000000,1.99994945,0.00000000,0.00000000,0.66666667,2.00000000
10,2.638986,0.00000000,1.99997891,0.00000000,0.00000000,0.66666667,2.00000000
10,2.698508,0.00000000,1.99999216,0.00000000,0.00000000,0.66666667,2.00000000
10,2.758030,0.00000000,1.99999749,0.00000000,0.00000000,0.66666667,2.00000000
10,2.817553,0.00000000,1.99999934,-0.00000000,0.00000000,0.66666667,2.00000000
10,2.877075,0.00000000,1.99999987,0.00000000,0.00000000,0.66666667,2.00000000
10,2.936598,0.00000000,1.99999998,0.00000000,0.00000000,0.66666667,2.00000000
10,2.996120,0.00000000,2.00000000,0.00000000,0.00000000,0.66666667,2.00000000
10,3.055642,0.00000000,2.00000000,0.00000000,0.00000000,0.66666667,2.00000000
10,3.115165,0.00000000,2.00000000,0.00000000,0.00000000,0.66666667,2.00000000
10,3.174687,0.00000000,2.00000000,0.00000000,0.00000000,0.66666667,2.00000000
10,3.234210,0.00000000,2.00000000,0.00000000,0.00000000,0.66666667,2.00000000
10,3.293732,0.00000000,2.00000000,0.00000000,0.00000000,0.66666667,2.00000000
10,3.353254,0.00000000,1.99999998,0.00000000,0.00000000,0.66666667,2.00000000
10,3.412777,0.00000000,1.99999984,-0.00000000,0.00000000,0.66666667,2.00000000
10,3.472299,0.00000000,1.99999922,0.00000000,0.00000000,0.66666667,2.00000000
10,3.531822,0.00000000,1.99999712,0.00000000,0.00000000,0.66666667,2.00000000
10,3.591344,0.00000000,1.99999118,0.00000000,0.00000000,0.66666667,2.00000000
10,3.650866,0.00000000,1.99997662,0.00000000,0.00000000,0.66666667,2.00000000
10,3.710389,0.00000000,1.99994458,-0.00000000,0.00000000,0.66666667,2.00000000
10,3.769911,0.00000000,1.99988004,0.00000000,0.00000000,0.66666667,2.00000000
12,0.020000,0.00974739,0.00360175,0.00000000,0.00000000,0.66991580,2.00009501
12,0.079522,0.03565605,0.04114020,0.00000000,0.00000000,0.67855202,2.00127095
12,0.139045,0.05668332,0.10598000,0.00000000,0.00000000,0.68556111,2.00321042
12,0.198567,0.07261956,0.18997921,0.00000000,0.00000000,0.69087319,2.00526667
12,0.258090,0.08337307,0.28785275,0.00000000,0.00000000,0.69445769,2.00693903
12,0.317612,0.08896677,0.39554344,0.00000000,0.00000000,0.69632226,2.00789949
12,0.377134,0.08953130,0.50972051,-0.00000000,0.00000000,0.69651043,2.00799985
12,0.436657,0.08529468,0.62756424,0.00000000,0.00000000,0.69509823,2.00726200
12,0.496179,0.07656938,0.74665836,0.00000000,0.00000000,0.69218979,2.00585430
12,0.555702,0.06373758,0.86493082,-0.00000000,0.00000000,0.68791253,2.00405836
12,0.615224,0.04723510,0.98061841,0.00000000,0.00000000,0.68241170,2.00222991
12,0.674746,0.02753514,1.09224347,0.00000000,0.00000000,0.67584505,2.00075804
12,0.734269,0.00513222,1.19859649,0.00000000,0.00000000,0.66837741,2.00002634
12,0.793791,0.00000000,1.29872112,-0.00000000,0.00000000,0.66666667,2.00000000
12,0.853314,0.00000000,1.39189959,0.00000000,0.00000000,0.66666667,2.00000000
12,0.912836,0.00000000,1.47763733,0.00000000,0.00000000,0.66666667,2.00000000
12,0.972358,0.00000000,1.55564622,0.00000000,0.00000000,0.66666667,2.00000000
12,1.031881,0.00000000,1.62582614,0.00000000,0.00000000,0.66666667,2.00000000
12,1.091403,0.00000000,1.68824486,0.00000000,0.00000000,0.66666667,2.00000000
12,1.150926,0.00000000,1.74311642,0.00000000,0.00000000,0.66666667,2.00000000
12,1.210448,0.00000000,1.79077840,0.00000000,0.00000000,0.66666667,2.00000000
12,1.269970,0.00000000,1.83166842,0.00000000,0.00000000,0.66666667,2.00000000
12,1.329493,0.00000000,1.86630055,-0.00000000,0.00000000,0.66666667,2.00000000
12,1.389015,0.00000000,1.89524210,-0.00000000,0.00000000,0.66666667,2.00000000
12,1.448538,0.00000000,1.91909142,0.00000000,0.00000000,0.66666667,2.00000000
12,1.508060,0.00000000,1.93845740,0.00000000,0.00000000,0.66666667,2.00000000
12,1.567582,0.00000000,1.95394102,0.00000000,0.00000000,0.66666667,2.00000000
12,1.627105,0.00000000,1.96611955,0.00000000,0.00000000,0.66666667,2.00000000
12,1.686627,0.00000000,1.97553374,-0.00000000,0.00000000,0.66666667,2.00000000
12,1.746150,0.00000000,1.98267807,0.00000000,0.00000000,0.66666667,2.00000000
12,1.805672,0.00000000,1.98799420,0.00000000,0.00000000,0.66666667,2.00000000
12,1.865194,0.00000000,1.99186751,0.00000000,0.00000000,0.66666667,2.00000000
12,1.924717,0.00000000,1.99462643,0.00000000,0.00000000,0.66666667,2.00000000
12,1.984239,0.00000000,1.99654412,0.00000000,0.00000000,0.66666667,2.00000000
12,2.043762,0.00000000,1.99784220,0.00000000,0.00000000,0.66666667,2.00000000
12,2.103284,0.00000000,1.99869583,0.00000000,0.00000000,0.66666667,2.00000000
12,2.162806,0.00000000,1.99923963,0.00000000,0.00000000,0.66666667,2.00000000
12,2.222329,0.00000000,1.99957412,-0.00000000,0.00000000,0.66666667,2.00000000
12,2.281851,0.00000000,1.99977198,-0.00000000,0.00000000,0.66666667,2.00000000
12,2.341374,0.00000000,1.99988400,0.00000000,0.00000000,0.66666667,2.00000000
12,2.400896,0.00000000,1.99994434,0.00000000,0.00000000,0.66666667,2.00000000
12,2.460418,0.00000000,1.99997504,-0.00000000,0.00000000,0.66666667,2.00000000
12,2.519941,0.00000000,1.99998967,0.00000000,0.00000000,0.66666667,2.00000000
12,2.579463,0.00000000,1.99999611,0.00000000,0.00000000,0.66666667,2.00000000
12,2.638986,0.00000000,1.99999870,0.00000000,0.00000000,0.66666667,2.00000000
12,2.698508,0.00000000,1.99999962,0.00000000,0.00000000,0.66666667,2.00000000
12,2.758030,0.00000000,1.99999991,0.00000000,0.00000000,0.66666667,2.00000000
12,2.817553,0.00000000,1.99999998,0.00000000,0.00000000,0.66666667,2.00000000
12,2.877075,0.00000000,2.00000000,0.00000000,0.00000000,0.66666667,2.00000000
12,2.936598,0.00000000,2.00000000,0.00000000,0.00000000,0.66666667,2.00000000
12,2.996120,0.00000000,2.00000000,0.00000000,0.00000000,0.66666667,2.00000000
12,3.055642,0.00000000,2.00000000,0.00000000,0.00000000,0.66666667,2.00000000
12,3.115165,0.00000000,2.00000000,0.00000000,0.00000000,0.66666667,2.00000000
12,3.174687,0.00000000,2.00000000,0.00000000,0.00000000,0.66666667,2.00000000
12,3.234210,0.00000000,2.00000000,0.00000000,0.00000000,0.66666667,2.00000000
12,3.293732,0.00000000,2.00000000,0.00000000,0.00000000,0.66666667,2.00000000
12,3.353254,0.00000000,2.00000000,-0.00000000,0.00000000,0.66666667,2.00000000
12,3.412777,0.00000000,2.00000000,0.00000000,0.00000000,0.66666667,2.00000000
12,3.472299,0.00000000,1.99999998,-0.00000000,0.00000000,0.66666667,2.00000000
12,3.531822,0.00000000,1.99999989,0.00000000,0.00000000,0.66666667,2.00000000
12,3.591344,0.00000000,1.99999956,0.00000000,0.00000000,0.66666667,2.00000000
12,3.650866,0.00000000,1.99999852,0.00000000,0.00000000,0.66666667,2.00000000
12,3.710389,0.00000000,1.99999564,0.00000000,0.00000000,0.66666667,2.00000000
12,3.769911,0.00000000,1.99998854,0.00000000,0.00000000,0.66666667,2.00000000
16,0.020000,0.00964645,0.00487233,0.00000000,0.00000000,0.66988215,2.00009305
16,0.079522,0.03402705,0.05487463,0.00000000,0.00000000,0.67800902,2.00115750
16,0.139045,0.05165322,0.13989457,-0.00000000,0.00000000,0.68388441,2.00266628
16,0.198567,0.06236376,0.24830126,0.00000000,0.00000000,0.68745459,2.00388546
16,0.258090,0.06622147,0.37246016,0.00000000,0.00000000,0.68874049,2.00438049
16,0.317612,0.06349658,0.50649742,0.00000000,0.00000000,0.68783219,2.00402776
16,0.377134,0.05464073,0.64563045,0.00000000,0.00000000,0.68488024,2.00298338
16,0.436657,0.04025370,0.78589008,0.00000000,0.00000000,0.68008457,2.00161970
16,0.496179,0.02104560,0.92398528,0.00000000,0.00000000,0.67368187,2.00044287
16,0.555702,0.00000000,1.05722789,0.00000000,0.00000000,0.66666667,2.00000000
16,0.615224,0.00000000,1.18348325,0.00000000,0.00000000,0.66666667,2.00000000
16,0.674746,0.00000000,1.30113060,0.00000000,0.00000000,0.66666667,2.00000000
16,0.734269,0.00000000,1.40902534,0.00000000,0.00000000,0.66666667,2.00000000
16,0.793791,0.00000000,1.50645898,0.00000000,0.00000000,0.66666667,2.00000000
16,0.853314,0.00000000,1.59311512,0.00000000,0.00000000,0.66666667,2.00000000
16,0.912836,0.00000000,1.66902112,-0.00000000,0.00000000,0.66666667,2.00000000
16,0.972358,0.00000000,1.73449605,0.00000000,0.00000000,0.66666667,2.00000000
16,1.031881,0.00000000,1.79009609,0.00000000,0.00000000,0.66666667,2.00000000
16,1.091403,0.00000000,1.83655902,0.00000000,0.00000000,0.66666667,2.00000000
16,1.150926,0.00000000,1.87474969,-0.00000000,0.00000000,0.66666667,2.00000000
16,1.210448,0.00000000,1.90560829,-0.00000000,0.00000000,0.66666667,2.00000000
16,1.269970,0.00000000,1.93010319,0.00000000,0.00000000,0.66666667,2.00000000
16,1.329493,0.00000000,1.94918997,0.00000000,0.00000000,0.66666667,2.00000000
16,1.389015,0.00000000,1.96377771,0.00000000,0.00000000,0.66666667,2.00000000
16,1.448538,0.00000000,1.97470332,-0.00000000,0.00000000,0.66666667,2.00000000
16,1.508060,0.00000000,1.98271400,-0.00000000,0.00000000,0.66666667,2.00000000
16,1.567582,0.00000000,1.98845752,-0.00000000,0.00000000,0.66666667,2.00000000
16,1.627105,0.00000000,1.99247947,0.00000000,0.00000000,0.66666667,2.00000000
16,1.686627,0.00000000,1.99522645,0.00000000,0.00000000,0.66666667,2.00000000
16,1.746150,0.00000000,1.99705358,-0.00000000,0.00000000,0.66666667,2.00000000
16,1.805672,0.00000000,1.99823509,0.00000000,0.00000000,0.66666667,2.00000000
16,1.865194,0.00000000,1.99897642,0.00000000,0.00000000,0.66666667,2.00000000
16,1.924717,0.00000000,1.99942674,0.00000000,0.00000000,0.66666667,2.00000000
16,1.984239,0.00000000,1.99969091,0.00000000,0.00000000,0.66666667,2.00000000
16,2.043762,0.00000000,1.99984012,0.00000000,0.00000000,0.66666667,2.00000000
16,2.103284,0.00000000,1.99992098,0.00000000,0.00000000,0.66666667,2.00000000
16,2.162806,0.00000000,1.99996287,0.00000000,0.00000000,0.66666667,2.00000000
16,2.222329,0.00000000,1.99998351,0.00000000,0.00000000,0.66666667,2.00000000
16,2.281851,0.00000000,1.99999312,0.00000000,0.00000000,0.66666667,2.00000000
16,2.341374,0.00000000,1.99999733,0.00000000,0.00000000,0.66666667,2.00000000
16,2.400896,0.00000000,1.99999904,0.00000000,0.00000000,0.66666667,2.00000000
16,2.460418,0.00000000,1.99999969,0.00000000,0.00000000,0.66666667,2.00000000
16,2.519941,0.00000000,1.99999991,0.00000000,0.00000000,0.66666667,2.00000000
16,2.579463,0.00000000,1.99999998,0.00000000,0.00000000,0.66666667,2.00000000
16,2.638986,0.00000000,2.00000000,0.00000000,0.00000000,0.66666667,2.00000000
16,2.698508,0.00000000,2.00000000,0.00000000,0.00000000,0.66666667,2.00000000
16,2.758030,0.00000000,2.00000000,0.00000000,0.00000000,0.66666667,2.00000000
16,2.817553,0.00000000,2.00000000,-0.00000000,0.00000000,0.66666667,2.00000000
16,2.877075,0.00000000,2.00000000,0.00000000,0.00000000,0.66666667,2.00000000
16,2.936598,0.00000000,2.00000000,0.00000000,0.00000000,0.66666667,2.00000000
16,2.996120,0.00000000,2.00000000,0.00000000,0.00000000,0.66666667,2.00000000
16,3.055642,0.00000000,2.00000000,-0.00000000,0.00000000,0.66666667,2.00000000
16,3.115165,0.00000000,2.00000000,0.00000000,0.00000000,0.66666667,2.00000000
16,3.174687,0.00000000,2.00000000,0.00000000,0.00000000,0.66666667,2.00000000
16,3.234210,0.00000000,2.00000000,0.00000000,0.00000000,0.66666667,2.00000000
16,3.293732,0.00000000,2.00000000,0.00000000,0.00000000,0.66666667,2.00000000
16,3.353254,0.00000000,2.00000000,0.00000000,0.00000000,0.66666667,2.00000000
16,3.412777,0.00000000,2.00000000,0.00000000,0.00000000,0.66666667,2.00000000
16,3.472299,0.00000000,2.00000000,0.00000000,0.00000000,0.66666667,2.00000000
16,3.531822,0.00000000,2.00000000,0.00000000,0.00000000,0.66666667,2.00000000
16,3.591344,0.00000000,2.00000000,-0.00000000,0.00000000,0.66666667,2.00000000
16,3.650866,0.00000000,1.99999999,0.00000000,0.00000000,0.66666667,2.00000000
16,3.710389,0.00000000,1.99999997,0.00000000,0.00000000,0.66666667,2.00000000
16,3.769911,0.00000000,1.99999990,-0.00000000,0.00000000,0.66666667,2.00000000
20,0.020000,0.00954553,0.00610101,0.00000000,0.00000000,0.66984851,2.00009112
20,0.079522,0.03240309,0.06793050,0.00000000,0.00000000,0.67746770,2.00104968
20,0.139045,0.04666997,0.17166212,0.00000000,0.00000000,0.68222332,2.00217690
20,0.198567,0.05229925,0.30208284,0.00000000,0.00000000,0.68409975,2.00273334
20,0.258090,0.04959995,0.44913826,-0.00000000,0.00000000,0.68319998,2.00245864
20,0.317612,0.03919387,0.60511650,0.00000000,0.00000000,0.67973129,2.00153557
20,0.377134,0.02195486,0.76382752,0.00000000,0.00000000,0.67398495,2.00048196
20,0.436657,0.00000000,0.92027080,0.00000000,0.00000000,0.66666667,2.00000000
20,0.496179,0.00000000,1.07047254,0.00000000,0.00000000,0.66666667,2.00000000
20,0.555702,0.00000000,1.21138668,0.00000000,0.00000000,0.66666667,2.00000000
20,0.615224,0.00000000,1.34081713,0.00000000,0.00000000,0.66666667,2.00000000
20,0.674746,0.00000000,1.45734214,-0.00000000,0.00000000,0.66666667,2.00000000
20,0.734269,0.00000000,1.56023238,0.00000000,0.00000000,0.66666667,2.00000000
20,0.793791,0.00000000,1.64936046,0.00000000,0.00000000,0.66666667,2.00000000
20,0.853314,0.00000000,1.72510242,0.00000000,0.00000000,0.66666667,2.00000000
20,0.912836,0.00000000,1.78823412,0.00000000,0.00000000,0.66666667,2.00000000
20,0.972358,0.00000000,1.83982635,0.00000000,0.00000000,0.66666667,2.00000000
20,1.031881,0.00000000,1.88114308,0.00000000,0.00000000,0.66666667,2.00000000
20,1.091403,0.00000000,1.91354745,0.00000000,0.00000000,0.66666667,2.00000000
20,1.150926,0.00000000,1.93841920,-0.00000000,0.00000000,0.66666667,2.00000000
20,1.210448,0.00000000,1.95708666,0.00000000,0.00000000,0.66666667,2.00000000
20,1.269970,0.00000000,1.97077513,0.00000000,0.00000000,0.66666667,2.00000000
20,1.329493,0.00000000,1.98057218,0.00000000,0.00000000,0.66666667,2.00000000
20,1.389015,0.00000000,1.98740891,0.00000000,0.00000000,0.66666667,2.00000000
20,1.448538,0.00000000,1.99205525,0.00000000,0.00000000,0.66666667,2.00000000
20,1.508060,0.00000000,1.99512665,0.00000000,0.00000000,0.66666667,2.00000000
20,1.567582,0.00000000,1.99709870,-0.00000000,0.00000000,0.66666667,2.00000000
20,1.627105,0.00000000,1.99832667,-0.00000000,0.00000000,0.66666667,2.00000000
20,1.686627,0.00000000,1.99906693,0.00000000,0.00000000,0.66666667,2.00000000
20,1.746150,0.00000000,1.99949813,0.00000000,0.00000000,0.66666667,2.00000000
20,1.805672,0.00000000,1.99974029,0.00000000,0.00000000,0.66666667,2.00000000
20,1.865194,0.00000000,1.99987108,0.00000000,0.00000000,0.66666667,2.00000000
20,1.924717,0.00000000,1.99993881,0.00000000,0.00000000,0.66666667,2.00000000
20,1.984239,0.00000000,1.99997235,-0.00000000,0.00000000,0.66666667,2.00000000
20,2.043762,0.00000000,1.99998815,0.00000000,0.00000000,0.66666667,2.00000000
20,2.103284,0.00000000,1.99999521,0.00000000,0.00000000,0.66666667,2.00000000
20,2.162806,0.00000000,1.99999819,0.00000000,0.00000000,0.66666667,2.00000000
20,2.222329,0.00000000,1.99999936,0.00000000,0.00000000,0.66666667,2.00000000
20,2.281851,0.00000000,1.99999979,0.00000000,0.00000000,0.66666667,2.00000000
20,2.341374,0.00000000,1.99999994,0.00000000,0.00000000,0.66666667,2.00000000
20,2.400896,0.00000000,1.99999998,0.00000000,0.00000000,0.66666667,2.00000000
20,2.460418,0.00000000,2.00000000,-0.00000000,0.00000000,0.66666667,2.00000000
20,2.519941,0.00000000,2.00000000,0.00000000,0.00000000,0.66666667,2.00000000
20,2.579463,0.00000000,2.00000000,0.00000000,0.00000000,0.66666667,2.00000000
20,2.638986,0.00000000,2.00000000,0.00000000,0.00000000,0.66666667,2.00000000
20,2.698508,0.00000000,2.00000000,-0.00000000,0.00000000,0.66666667,2.00000000
20,2.758030,0.00000000,2.00000000,0.00000000,0.00000000,0.66666667,2.00000000
20,2.817553,0.00000000,2.00000000,0.00000000,0.00000000,0.66666667,2.00000000
20,2.877075,0.00000000,2.00000000,0.00000000,0.00000000,0.66666667,2.00000000
20,2.936598,0.00000000,2.00000000,0.00000000,0.00000000,0.66666667,2.00000000
20,2.996120,0.00000000,2.00000000,0.00000000,0.00000000,0.66666667,2.00000000
20,3.055642,0.00000000,2.00000000,0.00000000,0.00000000,0.66666667,2.00000000
20,3.115165,0.00000000,2.00000000,0.00000000,0.00000000,0.66666667,2.00000000
20,3.174687,0.00000000,2.00000000,0.00000000,0.00000000,0.66666667,2.00000000
20,3.234210,0.00000000,2.00000000,0.00000000,0.00000000,0.66666667,2.00000000
20,3.293732,0.00000000,2.00000000,0.00000000,0.00000000,0.66666667,2.00000000
20,3.353254,0.00000000,2.00000000,0.00000000,0.00000000,0.66666667,2.00000000
20,3.412777,0.00000000,2.00000000,0.00000000,0.00000000,0.66666667,2.00000000
20,3.472299,0.00000000,2.00000000,-0.00000000,0.00000000,0.66666667,2.00000000
20,3.531822,0.00000000,2.00000000,-0.00000000,0.00000000,0.66666667,2.00000000
20,3.591344,0.00000000,2.00000000,0.00000000,0.00000000,0.66666667,2.00000000
20,3.650866,0.00000000,2.00000000,-0.00000000,0.00000000,0.66666667,2.00000000
20,3.710389,0.00000000,2.00000000,0.00000000,0.00000000,0.66666667,2.00000000
20,3.769911,0.00000000,2.00000000,0.00000000,0.00000000,0.66666667,2.00000000
